FID,Source,Code,GIS_ID,Sample_Type,Habitat_Type,Town,Year,SOM,pH,P_mg100g,K_mg100g,C,N,CN,x,y
566,3,-9999,IMb,Soil,Grasslands,Passeier,-9999,12.6666666666667,5,96,272,5.19111111111111,.533333333333333,9.73333333333333,673863,5189176
567,3,-9999,EM,Soil,Grasslands,Passeier,-9999,14,4.33333333333333,85,264,8.1291,.711,11.4333333333333,673905,5189179
568,3,-9999,B,Soil,Grasslands,Passeier,-9999,16.4,3.93333333333333,73,176,9.5108,.767,12.4,673949,5189206
569,3,-9999,BZ,Soil,Grasslands,Passeier,-9999,13.6,3.93333333333333,58,210,7.97906666666667,.581,13.7333333333333,674003,5189227
570,3,-9999,JW,Soil,Grasslands,Passeier,-9999,16.4,3.9,63,213,9.53333333333333,.65,14.6666666666667,674012,5189083
571,3,-9999,W,Soil,Grasslands,Passeier,-9999,14.7,3.35,59,200,4.47893333333333,.247,18.1333333333333,673944,5188906
